the,1
project,88
gutenberg,98
ebook,12
of,7256
an,439
essay,18
concerning,70
humane,6
understanding,158
volume,7
i,1268
by,1227
john,5
locke,5
this,944
is,2494
for,1011
the,7653
use,243
anyone,7
anywhere,18
at,532
no,653
cost,3
and,4943
with,756
almost,41
restrictions,2
whatsoever,31
you,119
may,501
copy,15
it,2761
give,72
away,27
or,1989
re,3
under,89
terms,68
license,16
included,4
online,4
www,10
net,1
title,6
mdcxc,2
based,4
on,497
2nd,1
edition,11
books,6
ii,18
4,52
author,11
release,1
date,5
january,1
6,35
2004,1
10615,3
last,40
updated,2
august,1
23,13
2017,1
language,32
english,11
start,4
v1,1
produced,60
steve,2
harris,2
david,2
widger,2
in,3126
four,11
quam,6
bellum,1
est,4
velle,1
confiteri,1
potius,1
nescire,1
quod,4
nescias,1
ista,1
effutientem,1
nauseare,1
atque,2
ipsum,1
sibi,1
displicere,1
cic,1
de,10
natur,1
deor,1
1,107
london,4
printed,7
eliz,1
holt,1
thomas,2
basset,1
george,1
fleet,2
street,1
near,11
st,9
dunstan’s,1
church,4
contents,1
2d,1
epistle,3
dedicatory,1
to,4723
earl,2
pembroke,2
reader,16
introduction,2
book,29
neither,59
principles,157
nor,195
ideas,1398
are,1495
innate,297
speculative,15
practical,30
iii,4
other,618
considerations,20
both,98
general,119
their,711
original,58
simple,339
sensation,125
iv,4
idea,886
solidity,60
v,43
divers,10
senses,120
vi,2
reflection,99
vii,2
viii,2
some,397
further,95
our,886
ix,2
perception,92
x,2
retention,4
xi,3
discerning,7
operations,62
mind,592
xii,2
complex,193
xiii,2
modes,135
first,225
space,234
xiv,2
duration,251
its,387
xv,2
expansion,33
considered,109
together,160
xvi,3
number,145
xvii,3
infinity,80
xviii,2
xix,2
thinking,161
xx,3
pleasure,119
pain,147
xxi,4
power,316
xxii,2
mixed,48
xxiii,2
substances,156
xxiv,2
collective,16
xxv,2
relation,101
xxvi,2
cause,77
effect,34
relations,67
xxvii,3
identity,75
diversity,10
xxviii,4
xxix,2
clear,170
obscure,36
distinct,232
confused,54
xxx,2
real,116
fantastical,8
xxxi,2
adequate,34
inadequate,20
xxxii,2
true,126
false,78
xxxiii,2
association,6
right,78
honourable,3
montgomery,1
baron,1
herbert,2
cardiff,1
lord,10
ross,1
kendal,1
par,1
fitzhugh,1
marmion,1
quintin,1
shurland,1
president,1
his,498
majesty’s,1
most,190
privy,1
council,1
lieutenant,1
county,1
wilts,1
south,1
wales,1
my,138
treatise,11
which,1616
grown,13
up,161
your,39
lordship’s,2
eye,12
has,451
ventured,3
into,273
world,95
order,34
does,128
now,92
a,2299
natural,57
kind,48
come,162
lordship,16
that,2966
protection,1
several,211
years,63
since,137
promised,2
not,1522
think,352
any,1053
name,168
how,227
great,199
soever,31
set,86
beginning,43
will,666
be,1999
able,82
cover,3
faults,8
found,90
things,362
print,10
must,219
stand,55
fall,6
own,208
worth,16
reader’s,3
fancy,14
but,1120
there,528
being,553
nothing,200
more,419
desired,6
truth,121
than,401
fair,8
unprejudiced,4
hearing,36
nobody,38
likely,6
procure,7
me,130
who,299
allowed,27
have,1135
got,53
so,870
intimate,8
acquaintance,11
her,12
retired,4
recesses,1
known,72
far,129
advanced,6
speculations,7
abstract,29
knowledge,201
beyond,79
ordinary,42
reach,19
common,64
methods,2
allowance,6
approbation,8
design,20
least,103
preserve,9
from,814
condemned,5
without,381
reading,7
prevail,6
those,625
parts,254
little,151
weighed,1
might,58
otherwise,39
perhaps,119
thought,177
deserve,8
consideration,63
somewhat,6
out,149
road,3
imputation,4
novelty,1
terrible,2
charge,9
amongst,65
judge,42
men’s,68
heads,9
as,1906
they,1090
do,315
perukes,1
fashion,22
can,523
allow,36
none,43
received,78
doctrines,8
scarce,33
ever,75
yet,328
carried,9
vote,1
appearance,24
new,77
opinions,30
always,126
suspected,7
usually,35
opposed,3
reason,238
because,192
already,23
like,72
gold,33
less,88
newly,3
brought,29
mine,11
trial,6
examination,17
price,2
antique,1
though,313
current,3
public,13
stamp,4
all,873
old,27
nature,121
certainly,52
genuine,2
convincing,1
instances,30
whenever,16
please,19
oblige,2
large,29
comprehensive,11
discoveries,8
made,239
truths,62
hitherto,6
unknown,24
unless,31
few,58
whom,37
been,173
pleased,15
wholly,47
conceal,3
them,970
alone,49
were,277
sufficient,28
why,63
should,260
dedicate,1
having,176
correspondence,4
nobler,2
vast,9
system,4
sciences,7
exact,14
instructive,4
draught,5
glory,4
enough,86
if,653
permit,2
boast,3
here,103
fallen,1
thoughts,206
different,227
yours,1
fit,37
encouragement,1
appear,42
hope,23
time,214
lead,16
say,165
earnest,6
something,88
bear,15
truly,28
expectation,5
shows,21
what,548
present,138
make,341
just,22
such,431
poor,4
man,440
rich,3
neighbour,1
basket,2
flowers,3
fruit,3
ill,28
taken,97
he,771
plenty,4
growth,2
much,235
greater,71
perfection,16
worthless,1
receive,73
value,4
when,449
offerings,1
respect,43
esteem,10
gratitude,9
these,426
given,47
mighty,4
peculiar,24
reasons,12
highest,4
degree,40
add,33
go,42
along,12
proportionable,3
greatness,11
confidence,5
brag,2
richest,1
am,59
sure,27
greatest,43
obligations,2
seek,8
occasions,14
acknowledge,12
long,56
train,36
favours,2
important,7
themselves,176
forwardness,2
concern,7
kindness,2
obliging,1
circumstances,18
never,127
failed,4
accompany,5
gives,29
weight,20
relish,12
rest,76
vouchsafe,1
continue,16
degrees,52
place,143
good,203
had,206
said,96
friendship,1
words,126
actions,167
constantly,67
show,56
even,73
others,154
absent,30
vanity,5
mention,21
everybody,8
knows,45
would,327
want,52
manners,6
many,128
witnesses,1
every,196
day,34
tell,24
indebted,1
wish,4
could,114
easily,62
assist,2
convince,5
growing,9
engagements,1
write,10
extremely,5
sensible,92
did,44
lay,17
hold,21
opportunity,5
testify,1
obliged,4
humble,1
obedient,1
servant,3
2,58
dorset,1
court,1
24th,1
1689,2
put,87
thy,6
hands,17
diversion,2
idle,6
heavy,4
hours,17
luck,4
prove,39
thine,1
thou,12
hast,1
half,5
writing,7
wilt,3
money,5
pains,29
bestowed,3
mistake,29
commendation,5
work,63
conclude,40
was,196
doing,24
therefore,185
fondly,1
done,67
hawks,1
larks,1
sparrows,1
sport,2
considerable,18
quarry,1
flies,1
game,1
acquainted,9
subject,41
know,158
elevated,2
faculty,47
soul,111
employed,23
constant,61
delight,33
searches,1
after,92
sort,68
hawking,2
hunting,3
wherein,115
very,274
pursuit,16
makes,119
part,223
step,14
takes,35
progress,15
towards,22
discovery,22
only,285
best,37
too,71
judging,12
objects,92
sight,55
cannot,240
discovers,11
regret,1
escaped,3
thus,176
raised,8
himself,137
above,29
alms,1
content,16
live,13
lazily,2
scraps,1
begged,3
sets,9
find,153
follow,30
whatever,69
lights,1
miss,8
hunter’s,1
satisfaction,21
moment,36
reward,10
spent,1
acquisition,1
entertainment,3
let,94
loose,16
oughtest,1
envy,5
afford,14
thee,10
refer,9
myself,33
upon,213
trust,6
matter,155
following,28
meaner,1
while,19
concerned,27
says,20
thinks,73
directed,3
another,326
judgest,1
thyself,1
candidly,2
then,156
shall,211
harmed,1
offended,2
censure,11
certain,139
whereof,72
fully,6
persuaded,6
consider,120
liable,18
mistakes,13
opinion,42
findest,2
art,7
blame,10
meant,14
mastered,1
thorough,1
understandings,37
information,14
friends,4
acknowledged,11
sufficiently,18
trouble,14
history,10
five,12
six,5
meeting,3
chamber,3
discoursing,3
remote,28
quickly,6
difficulties,11
rose,5
side,31
we,1398
awhile,1
puzzled,1
ourselves,69
coming,26
nearer,25
resolution,3
doubts,7
perplexed,4
us,424
came,9
took,5
wrong,58
course,16
before,155
inquiries,9
necessary,98
examine,50
abilities,4
see,92
fitted,18
deal,12
proposed,31
company,13
readily,11
assented,23
thereupon,5
agreed,10
inquiry,31
hasty,5
undigested,1
down,25
against,33
next,35
gave,13
entrance,6
discourse,36
begun,3
chance,6
continued,34
intreaty,1
written,17
incoherent,4
parcels,5
intervals,8
neglect,9
resumed,1
again,40
humour,2
permitted,5
retirement,5
where,124
attendance,2
health,8
leisure,5
seest,1
discontinued,1
way,153
occasioned,4
besides,31
two,231
contrary,51
viz,67
anything,115
wanting,15
glad,8
desire,105
gone,8
seems,58
pen,3
paper,13
contained,12
one,911
sheet,1
went,9
larger,11
prospect,8
led,9
still,78
grew,1
insensibly,2
bulk,47
appears,29
deny,35
possibly,25
reduced,8
narrower,1
compass,5
contracted,2
writ,4
catches,1
interruption,1
apt,72
repetitions,5
confess,25
lazy,4
busy,9
shorter,3
ignorant,30
herein,5
consult,2
reputation,14
knowingly,4
fault,7
disgust,1
judicious,3
nicest,1
readers,6
sloth,2
itself,166
excuse,5
pardon,4
prevailed,3
allege,2
defence,2
same,502
notion,103
respects,4
convenient,7
illustrate,2
happened,5
waiving,1
frankly,1
avow,1
sometimes,55
dwelt,5
argument,28
expressed,12
ways,58
quite,42
pretend,14
publish,6
men,422
quick,11
apprehensions,13
masters,7
profess,3
scholar,2
warn,4
beforehand,2
expect,9
spun,1
coarse,1
size,17
unacceptable,2
plain,55
familiar,18
established,9
prejudice,5
abstractedness,1
render,4
difficult,7
need,35
turned,6
suspect,12
view,63
gain,3
admittance,2
fix,8
lasting,13
impression,24
believe,27
observed,39
proposing,4
expressing,4
intelligible,14
afterwards,18
difference,52
phrases,4
wondered,2
understood,48
everything,9
hit,2
alike,6
man’s,51
imagination,4
palates,4
equally,34
relished,2
dress,2
well,160
feast,2
cookery,1
meat,4
nourishment,2
seasoning,1
dressed,2
strong,11
constitutions,8
advised,2
abroad,5
whoever,8
read,11
affection,6
flattered,1
confined,11
occasion,70
appearing,8
purpose,40
useful,14
easy,43
sorts,49
rather,24
sighted,4
complain,3
tedious,1
accustomed,12
prepossessed,3
notions,76
comprehend,15
meaning,18
censured,1
piece,10
insolence,2
instruct,2
knowing,43
age,18
amounting,1
hopes,5
speak,39
freely,7
feigned,1
modesty,3
condemn,8
useless,6
methinks,4
savours,1
end,82
fails,3
owes,2
prints,1
consequently,17
expects,1
intends,8
meet,9
else,97
allowable,2
cease,9
goodness,21
intention,6
ought,30
worthlessness,1
chiefly,9
secures,3
fear,23
escape,4
better,43
writers,1
relishes,4
hard,39
pleases,28
displeases,1
satisfied,15
plainly,26
except,6
dozen,5
intended,13
angry,3
rail,1
securely,1
spending,2
conversation,11
aimed,2
sincerely,3
usefulness,4
meanest,2
commonwealth,4
learning,9
master,3
builders,1
whose,46
designs,5
advancing,2
leave,41
monuments,1
admiration,1
posterity,1
boyle,1
sydenham,1
produces,19
huygenius,1
incomparable,1
mr,4
newton,1
strain,1
ambition,1
labourer,1
clearing,1
ground,17
removing,5
rubbish,1
lies,19
endeavours,10
ingenious,7
industrious,1
cumbered,2
learned,17
frivolous,4
uncouth,1
affected,9
unintelligible,7
introduced,6
philosophy,12
unfit,5
incapable,2
bred,5
polite,1
vague,1
insignificant,4
forms,2
speech,11
abuse,2
passed,10
mysteries,1
science,4
misapplied,2
prescription,1
mistaken,20
deep,3
height,1
speculation,4
persuade,13
either,169
hear,10
covers,1
ignorance,25
hindrance,2
break,7
sanctuary,1
suppose,94
service,2
human,30
deceive,3
deceived,2
sect,7
examined,20
corrected,2
pardoned,4
third,17
endeavoured,4
inveterateness,1
mischief,4
prevalency,4
take,120
care,18
about,137
suffer,12
significancy,1
expressions,7
inquired,7
told,12
short,26
epitome,1
1688,1
denied,9
hastily,1
concluding,5
supposed,94
left,23
proof,25
spirits,48
offence,1
him,171
through,21
convinced,10
taking,24
foundations,12
advantage,15
injured,1
endangered,1
built,3
falsehood,25
second,17
added,11
followeth,1
bookseller,2
forgive,2
correctness,1
amends,1
committed,6
former,27
desires,34
whole,57
chapter,47
additions,12
amendments,1
places,16
inform,4
confirmation,2
explications,1
prevent,8
sense,87
formerly,7
variation,11
alterations,11
chap,4
liberty,87
deserved,2
accurate,4
capable,92
subjects,11
ages,13
exercised,5
questions,10
morality,15
divinity,3
closer,1
inspection,1
working,2
minds,236
stricter,3
motives,4
views,8
alter,13
determination,31
voluntary,30
forbear,15
freedom,23
readiness,4
published,4
seemed,3
quit,3
renounce,2
oppose,1
welcome,2
whencesoever,2
comes,79
resign,1
recede,2
evidence,18
error,6
light,71
exceptions,1
met,11
urged,7
points,13
questioned,7
whether,218
hand,35
requires,15
often,92
attention,27
cursory,1
willing,26
obscurity,18
casts,1
cloud,1
over,25
others’,2
treating,3
everywhere,16
rightly,15
late,7
instance,22
civility,2
candour,1
belongs,16
forbid,1
closed,2
preface,2
insinuation,3
ch,5
rule,62
virtue,58
vice,36
chief,7
fourth,8
section,12
laying,7
moral,58
rules,41
showing,5
enumerating,3
pursuant,1
thereto,2
called,99
“alters,1
”,53
generally,29
denominate,15
according,53
reflect,24
bk,2
18,16
13,22
14,20
15,19
20,16
eternal,25
unalterable,6
call,145
quotes,1
report,6
fact,15
exception,1
saying,7
measure,71
variously,7
societies,10
virtues,10
vices,6
authority,10
lowde,2
dictionary,2
daresay,1
nowhere,9
tells,8
appeal,15
action,150
credit,5
counted,11
disrepute,2
passes,18
notice,78
bestow,1
names,174
‘virtue’,1
‘vice’,1
laid,16
making,49
becomes,11
calling,2
watchful,1
alarm,1
standing,21
sound,30
‘tis,2
zeal,2
function,2
citing,1
“even,1
exhortations,3
inspired,4
teachers,5
feared,2
repute,2
philip,1
8,34
immediately,21
preceding,3
introduce,4
run,8
“whereby,1
corruption,2
boundaries,6
law,87
pretty,8
preserved,11
c,78
passage,3
paul,4
throughout,2
each,61
particular,123
society,9
within,47
denominating,2
stray,1
rectitude,10
gravity,4
accordingly,5
quoted,1
used,28
imagine,62
spared,1
application,22
subjoins,1
point,13
scruple,6
forced,5
differ,8
latter,11
p,6
78,2
“natural,1
inscription,3
privilege,8
claims,1
52,3
state,59
question,43
especially,21
states,18
“innate,2
conditional,1
depending,18
concurrence,2
soul’s,5
exerting,8
imprinted,51
impressed,3
notions”,1
amounts,9
propositions,76
born,30
“by,1
assistance,7
outward,17
help,23
previous,3
cultivation,3
affirmed,2
“soul’s,1
means,36
‘exerting,3
notions’,2
expression,1
misleading,1
‘soul,2
exerts,4
’,34
e,66
whereas,21
capacity,16
‘concurrence,1
‘in,2
brings,11
express,20
‘these,1
naturally,23
necessarily,31
exert,4
children,71
idiots,12
‘exert,1
explained,11
‘the,2
‘previous,1
circumstances’,1
exerted,1
controversy,1
between,91
bating,5
calls,9
vulgar,5
style,1
‘knowing,1
civilly,1
gratefully,2
mentions,1
conferring,1
justice,19
peruse,2
indifferency,11
employ,10
obscurely,2
vain,16
mend,2
whichever,3
thereby,59
troubling,1
answer,55
objections,1
passages,3
founded,13
doctrine,7
opposer,1
authors,1
careful,8
lost,25
censures,1
honour,5
obligation,12
critical,2
pens,1
waste,2
natured,1
employment,3
lessen,5
confutation,1
booksellers,1
preparing,1
whereupon,1
advertise,2
corrections,1
alteration,18
ran,3
consequence,13
frequent,11
mouths,6
uses,14
perfectly,37
understand,29
precisely,6
mean,33
chose,2
determinate,15
determined,61
instead,9
direct,14
denominations,9
object,45
seen,8
perceived,25
fitly,3
objectively,1
annexed,26
articulate,7
steadily,8
sign,8
explain,14
particularly,7
applied,32
perceives,23
consists,46
joined,31
proportion,19
situation,6
sees,15
word,53
till,72
precise,26
resolves,2
small,27
confusion,44
discourses,14
variety,51
enter,9
reasonings,13
hinders,13
term,18
keep,25
during,21
pretends,3
expected,5
speaking,36
inquire,29
argue,15
disputes,7
controversies,2
perplex,6
mankind,47
doubtful,7
uncertain,19
indetermined,1
choice,25
signify,34
immediate,9
change,68
discern,5
avoid,27
wranglings,1
addition,32
chapters,7
enthusiasm,1
engaged,3
manner,34
sixth,3
altered,10
twenty,16
labour,6
transcribe,2
margin,1
pleasant,9
beings,54
dominion,4
nobleness,1
whilst,79
perceive,61
distance,85
lie,19
keeps,13
dark,23
bring,29
directing,12
search,16
certainty,21
extent,27
grounds,6
belief,1
assent,88
meddle,1
physical,5
essence,50
motions,38
bodies,200
organs,27
formation,1
depend,36
however,35
curious,3
entertaining,1
decline,1
lying,10
suffice,5
faculties,66
misemployed,1
historical,1
method,10
account,36
whereby,97
attain,23
measures,34
persuasions,3
various,37
contradictory,1
asserted,3
somewhere,5
assurance,4
observe,65
opposition,4
fondness,1
devotion,1
wherewith,8
embraced,4
eagerness,1
maintained,1
thing,174
hath,91
3,56
bounds,33
regulate,3
moderate,5
persuasion,3
whereunto,1
pursue,13
observes,6
conscious,42
furnished,19
secondly,47
endeavour,15
thirdly,29
faith,7
proposition,40
comprehension,15
discover,45
powers,88
thereof,12
proportionate,1
fail,6
cautious,1
meddling,1
exceeding,6
stop,21
utmost,17
tether,1
sit,4
quiet,8
capacities,10
forward,12
affectation,3
universal,43
raise,8
suited,15
frame,30
perceptions,22
extend,11
cases,33
guess,6
learn,13
attainable,2
5,38
concerns,9
magnify,4
bountiful,1
inhabitants,1
mansion,2
god,161
peter,1
greek,4
conveniences,6
life,78
comfortable,1
provision,2
leads,5
perfect,33
concernments,2
maker,14
duties,4
boldly,1
quarrel,1
constitution,32
throw,2
blessings,1
filled,10
big,8
grasp,1
narrowness,2
unpardonable,2
childish,1
peevishness,1
undervalue,1
advantages,4
improve,2
ends,9
untoward,1
attend,7
business,22
candle,6
plead,1
broad,2
sunshine,3
shines,1
bright,4
purposes,1
satisfy,16
entertain,5
peremptorily,1
intemperately,1
require,12
demonstration,11
demand,10
probability,3
govern,7
disbelieve,2
wisely,5
legs,5
perish,4
wings,2
fly,4
cure,5
scepticism,2
idleness,1
strength,6
undertake,2
success,1
surveyed,2
estimate,3
inclined,1
despair,3
disclaim,2
sailor,1
length,42
line,21
fathom,2
depths,2
ocean,2
bottom,3
voyage,5
caution,5
running,5
shoals,1
ruin,1
conduct,10
rational,33
creature,20
thereon,4
troubled,1
7,32
rise,9
satisfying,2
survey,3
adapted,3
began,6
sought,5
possession,13
boundless,15
undoubted,4
exempt,3
decisions,1
extending,3
letting,2
wander,1
footing,4
wonder,19
multiply,7
proper,31
increase,21
confirm,2
once,60
discovered,18
horizon,1
enlightened,2
comprehensible,1
acquiesce,1
avowed,1
stands,18
proceed,20
beg,7
serves,6
phantasm,1
species,27
frequently,14
using,11
presume,5
granted,8
shown,31
primary,39
koivai,1
evvoiai,1
characters,31
stamped,9
receives,9
falseness,1
supposition,27
barely,34
impressions,50
arrive,7
grant,19
impertinent,2
colours,44
eyes,40
external,33
unreasonable,7
attribute,12
originally,9
doubt,73
dispose,1
embrace,4
wherever,18
commonly,35
universally,16
needs,27
souls,10
really,74
inherent,5
consent,22
proves,15
drawn,9
misfortune,1
agreement,31
“what,2
“it,9
possible,48
worse,7
begin,25
magnified,4
“whatsoever,2
impossible,60
be”,2
settled,19
maxims,42
strange,18
seem,35
evident,92
apprehension,7
destroy,13
concomitant,5
seeming,9
contradiction,10
understands,6
imprinting,3
imprint,4
mind’s,4
perceiving,13
hardly,15
unavoidably,2
knew,16
assenting,7
nay,28
die,7
contended,3
amount,4
improper,3
assert,2
acquired,16
contest,1
adventitious,6
distinguish,42
talks,1
intend,3
“to,1
understanding”,1
propriety,10
infants,5
answered,8
signification,28
apply,26
tolerable,5
soon,34
native,13
inscriptions,2
exercise,15
assists,2
arguing,4
firmly,7
mark,31
mathematicians,6
theorems,1
deduce,1
9,27
deducing,1
teaches,3
visible,24
engraven,4
10,25
reasoning,17
mathematical,5
demonstrations,6
distinguished,36
proofs,6
withal,1
lays,3
open,15
weakness,9
subterfuge,1
confessed,7
affirm,8
maxim,5
“that,17
deduction,1
bounty,2
fond,5
casting,1
foundation,43
guide,6
11,22
ready,26
depends,24
hereafter,18
procuring,1
“men,2
utterly,5
12,21
“when,2
also,122
early,7
falsely,1
assigned,12
illiterate,4
people,34
savages,4
pass,36
framed,16
indeed,38
verities,1
steps,8
extravagant,7
sequel,2
necessity,23
get,36
knowable,3
observable,21
reality,18
distinction,14
note,2
proved,13
logic,1
province,1
begins,16
agree,44
self,61
‘assent,1
attains,1
furnish,11
empty,10
cabinet,2
lodged,10
memory,82
proceeding,4
abstracts,1
learns,2
materials,19
discursive,1
daily,14
grow,6
earliest,3
probably,7
retain,25
“the,4
child,27
sweet,21
bitter,12
wormwood,2
sugarplums,1
16,17
innateness,1
three,45
equal,55
seven,9
count,6
equality,9
explaining,4
presently,17
assents,7
wanted,4
rod,2
cherry,2
later,5
generic,1
cat,5
weasel,1
stay,9
observation,32
disagree,6
eighteen,3
nineteen,3
thirty,3
signified,17
17,16
evasion,1
failing,3
leaving,8
learnt,6
secure,6
seeing,10
infer,1
teaching,3
proposal,1
closes,3
sweetness,10
bitterness,1
thousand,26
inate,1
principle,30
heard,12
plentifully,1
stored,6
admit,14
numbers,37
multitude,9
axioms,1
prerogative,2
“two,2
place”,1
sticks,2
“white,1
black,12
“a,2
square,12
circle,8
“bitterness,1
million,3
wits,2
easier,10
different”,1
legions,1
mentioning,1
sounds,37
tastes,13
figure,88
opposite,7
experience,50
19,14
“one,1
“green,1
red,10
consequences,13
looked,20
earlier,2
owe,2
“red,1
blue,13
admitted,8
strangers,2
longer,20
conceived,11
due,28
21,12
“assenting,1
supposes,14
unacquainted,3
hears,7
gaining,1
doth,19
clearer,15
taught,17
whence,40
pretended,9
whosoever,5
finds,30
thenceforth,1
whensoever,2
grounded,2
particulars,5
sagacious,1
observations,1
reduce,3
collected,2
observing,15
unobserving,1
refuse,4
22,12
implicitly,2
signifies,14
implicit,3
explicit,1
conceive,66
harder,4
demonstrate,4
demonstrated,3
diagrams,1
copies,15
precedent,3
foregoing,10
force,26
bare,34
explication,7
fallacy,2
novo,2
case,44
fain,6
remaining,13
gladly,2
appropriated,2
connexion,22
disagreement,12
apple,6
fire,32
distinctly,18
form,15
forwardly,6
forementioned,4
evidently,11
affords,11
dissent,3
signs,18
correspond,9
touched,4
24,11
defenders,1
confession,2
25,11
accused,1
possess,7
antecedent,8
determine,38
matters,9
assure,5
rationally,4
imagined,13
woven,1
indelible,2
future,44
saw,9
clearest,14
nurse,4
feeds,1
plays,1
blackmoor,1
afraid,4
wormseed,1
mustard,5
refuses,1
sugar,6
cries,2
undoubtedly,3
assured,7
join,15
sucking,1
bottles,1
rattles,1
passion,11
sincerity,3
26,10
attained,5
tender,1
nevertheless,6
intelligent,16
persons,32
27,8
fairest,1
footsteps,6
presumption,3
vigour,1
corrupted,3
custom,23
borrowed,10
education,17
cast,4
moulds,1
superinducing,1
foreign,5
studied,1
confounded,9
reasonably,5
fairly,5
one’s,18
naturals,3
dependence,6
body,361
beams,1
reserves,1
arts,3
concealment,1
shine,1
full,26
lustre,1
love,17
abhorrence,3
alas,1
grossly,2
narrow,14
frequentest,1
strongest,2
cradle,1
playthings,1
young,18
savage,2
head,11
tribe,3
untaught,2
wild,4
inhabitant,1
woods,1
reputed,2
seldom,20
mentioned,32
huts,1
indians,1
schools,4
academies,1
nations,14
artificial,8
argumentation,1
conviction,4
conducing,1
advancement,1
improvement,5
l,1
28,6
recapitulation,3
absurd,9
anybody,3
truce,1
forbearance,9
submit,4
judgments,9
impartially,2
sorry,3
study,8
warmed,2
partake,7
“first,1
principles”,1
discoursed,3
actual,29
reception,9
is”,1
manifest,13
removed,22
stronger,4
carry,20
engraved,1
derogation,1
angles,11
triangle,9
ones,60
bigger,10
slowness,3
offer,8
searching,1
owned,3
moderately,1
conversant,8
smoke,1
chimneys,1
keeping,7
contracts,1
dens,1
thieves,1
confederacies,1
villains,1
furthest,2
putting,19
off,16
humanity,3
outlaws,2
receiving,7
laws,30
practise,1
convenience,4
communities,1
embraces,2
acts,7
fellow,3
highwayman,1
plunders,1
kills,1
honest,2
meets,2
ties,3
robbers,1
equity,2
fraud,1
rapine,1
objection,5
practice,16
tacit,8
agrees,4
contradicts,1
interpreters,2
practices,1
professions,3
establish,5
look,30
terminate,12
contemplation,30
derived,19
operation,21
produce,94
conformity,19
happiness,118
aversion,5
misery,36
operate,36
influence,9
ceasing,3
steady,10
inclinations,3
appetite,4
tendencies,1
grateful,2
unwelcome,1
incline,1
regulating,2
confirmed,3
hereby,4
springs,2
perpetually,6
feel,18
strongly,7
impelling,1
ergo,2
justly,10
ridiculous,3
ascertain,1
void,21
asked,11
carries,17
sake,8
unshaken,1
social,1
unto,4
absurdity,13
ask,34
bound,4
reasonableness,1
unquestionable,4
deduced,2
compacts,2
undeniable,2
christian,2
death,4
hobbist,1
leviathan,1
punish,7
philosophers,6
dishonest,1
below,5
dignity,2
approved,1
profitable,1
hence,27
flows,1
among,8
propose,4
existence,118
obedience,4
congruous,1
testimony,1
admitting,2
rewards,6
punishments,7
proudest,1
offender,1
inseparable,21
preservation,10
visibly,5
beneficial,1
virtuous,4
recommend,3
observance,2
reap,1
interest,7
cry,3
sacred,4
trampled,1
profaned,1
safe,1
acknowledgment,2
pay,2
inwardly,1
inviolable,1
profession,2
lawgiver,3
prescribed,3
hell,1
ordained,3
punishment,20
transgress,3
internal,22
veneration,4
‘to,1
commended,1
practised,2
breach,11
teach,5
obligatory,1
madness,9
sacrifice,1
conscience,8
checking,1
breaches,2
establishment,1
hearts,4
customs,4
country,23
serve,32
judgment,50
contraries,1
bent,1
prosecute,1
enormities,1
remorse,5
serenity,1
army,11
sacking,1
town,1
touch,31
outrages,1
robberies,1
murders,2
rapes,1
sports,1
civilized,2
exposing,1
fields,3
beasts,8
scrupled,1
begetting,1
countries,14
graves,2
mothers,2
childbirth,1
despatch,1
astrologer,1
declares,2
unhappy,3
stars,3
kill,2
expose,3
parents,3
asia,1
sick,2
desperate,1
earth,17
dead,1
exposed,2
wind,2
weather,2
pity,2
mingrelians,1
professing,1
christianity,1
bury,1
alive,2
eat,4
caribbees,1
wont,5
geld,1
fat,3
garcilasso,1
la,1
vega,1
peru,2
female,1
captives,1
kept,15
concubines,1
past,48
breeding,1
killed,1
eaten,1
tououpinambos,2
believed,7
merited,1
paradise,1
revenge,5
eating,6
abundance,3
enemies,1
religion,9
worship,14
saints,1
canonized,1
turks,2
lives,22
relate,4
remarkable,3
baumgarten,2
ibi,1
sc,1
prope,1
belbes,1
aegypto,1
vidimus,2
sanctum,3
unum,1
saracenicum,1
inter,1
arenarum,1
cumulos,1
ita,1
ut,5
ex,3
utero,1
matris,1
prodiit,1
nudum,1
sedentem,1
mos,1
didicimus,1
mahometistis,1
eos,2
qui,2
amentes,1
et,10
sine,2
ratione,1
sunt,3
pro,1
sanctis,1
colant,1
venerentur,1
insuper,2
cum,2
diu,1
vitam,2
egerint,1
inquinatissimam,1
voluntariam,1
demum,1
poenitentiam,1
paupertatem,1
sanctitate,1
venerandos,1
deputant,1
ejusmodi,1
vero,2
genus,1
hominum,1
libertatem,1
quandam,1
effrenem,1
habent,1
domos,1
quos,2
volunt,1
intrandi,1
edendi,1
bibendi,1
majus,1
concumbendi,1
quo,1
concubitu,1
si,2
proles,1
secuta,1
fuerit,1
sancta,1
similiter,1
habetur,1
hominibus,1
dum,3
vivunt,1
magnos,1
exhibent,1
honores,1
mortuis,1
vel,3
templa,1
monumenta,1
extruunt,1
amplissima,1
eosque,1
contingere,1
ac,2
sepelire,1
maximae,1
fortunae,1
ducunt,1
loco,3
audivimus,1
haec,1
dicta,1
dicenda,1
per,1
interpretem,1
mucrelo,1
nostro,1
ilium,1
quern,1
eo,2
publicitus,1
apprime,1
commendari,1
eum,1
esse,8
hominem,1
divinum,1
integritate,1
praecipuum,1
nec,2
faminarum,1
unquam,1
esset,1
puerorum,1
sed,1
tantummodo,1
asellarum,1
concubitor,1
mularum,1
peregr,1
73,2
piety,4
chastity,1
assures,2
inbred,1
duels,1
innocence,2
ignominy,1
omitting,1
merit,2
carefully,14
tribes,3
named,7
excepted,1
absolutely,5
neglected,7
betwixt,10
slighted,1
governed,3
living,11
reject,3
objected,3
broken,2
disown,2
shame,9
awe,1
nation,4
publicly,2
infallibly,5
private,8
professedly,2
apprehend,3
contempt,2
professes,2
confounding,1
professed,1
enemy,2
peace,4
unanimously,1
invincible,2
transgressed,1
breaking,4
example,6
obvious,15
deductions,6
conformable,20
inclination,4
fewest,1
impudence,2
inconsideration,1
fairer,1
pretence,2
“parents,2
cherish,1
excites,2
directs,9
influences,1
examples,7
cited,1
mingrelia,1
brutality,1
barbarous,1
remember,9
uncondemned,1
greeks,3
romans,3
innocent,3
command,6
duty,15
lawmaker,1
supposing,15
follows,19
runs,1
counter,2
studious,3
considering,28
described,4
safely,1
confidently,8
serenely,1
bargain,1
transgressor,1
transgression,3
tempting,2
almighty,6
held,8
prepared,2
vengeance,1
wantonly,1
offend,1
stares,1
face,3
edicts,1
omnipotent,1
gaiety,2
slight,4
trample,1
underfoot,1
injunctions,1
lastly,2
openly,2
bids,1
defiance,1
supreme,7
bystanders,1
yea,1
governors,1
rulers,1
silently,2
connive,1
testifying,1
dislike,7
appetites,3
swing,1
overturning,1
curb,1
restraint,7
exorbitant,1
overbalance,1
unavoidable,12
insisted,1
secured,1
floating,6
estate,3
indubitable,1
uneligible,1
gospel,1
positive,103
forsake,1
extremes,4
revelation,3
maintain,2
evince,4
talk,21
sparing,1
stress,2
distrust,1
charity,1
declaring,1
favourable,1
neighbours,3
distracted,3
fingers,6
tale,2
catalogue,1
foresee,1
sects,6
list,1
hypotheses,2
support,19
churches,1
finding,10
denying,1
machines,5
possibility,15
free,58
agent,21
mechanism,2
reconciled,3
consistent,7
herbert’s,1
informed,11
veritate,1
consulted,1
hoping,2
instinctu,1
naturali,1
marks,25
notitice,1
communes,1
prioritas,1
independentia,1
universalitas,1
certitudo,1
necessitas,2
explains,4
faciunt,1
ad,2
hominis,2
conservationem,1
modus,2
conformationis,1
assensus,1
nulla,3
interposita,1
mora,1
religione,1
laici,1
adeo,1
non,9
uniuscujusvis,1
religionis,1
confinio,1
arctentur,1
quae,2
ubique,1
vigent,1
veritates,2
enim,1
ipsa,1
mente,1
caelitus,1
descriptae,3
nullisque,1
traditionibus,1
sive,2
scriptis,2
obnoxiae,1
nostrae,1
catholicae,1
tanquam,1
indubia,1
dei,1
emata,1
foro,2
interiori,2
proceeds,5
aliquod,1
supremum,1
numen,2
illud,1
coli,1
debere,1
virtutem,1
pietate,1
conjunctam,1
optimum,1
rationem,1
cultus,1
divini,1
resipiscendum,1
peccatis,1
dari,1
praemium,1
paenam,1
post,4
hanc,1
transactam,1
giving,8
proving,2
finger,15
reasonable,13
enumerates,1
‘do,1
wouldst,1
hundreds,4
fifth,2
uncertainty,5
“virtue,1
acceptable,2
accounted,1
laudable,1
god’s,8
commands”,1
commands,1
rank,5
engrave,2
repent,2
sins”,1
sins,7
peccata,2
draw,13
doers,1
inculcated,1
kinds,13
doubted,6
scarcely,4
comprehended,10
abstracted,2
japan,2
happens,10
dumb,1
deaf,3
women,2
abortion,1
relieve,2
supply,4
wants,6
resolve,4
actually,29
virtutes,1
contend,5
material,15
converse,9
darkened,1
worn,2
assertion,2
theirs,3
party,4
unfrequently,1
presuming,1
votes,1
worthy,5
reckoning,8
agreeing,6
innate”,1
cut,6
infallibility,3
depraved,2
blotted,3
loss,11
companions,3
notwithstanding,6
warp,1
blurred,1
perspicuous,1
nearest,6
fountain,4
inconsistent,12
educations,2
tempers,4
oppositions,1
sooner,6
dearest,1
day’s,3
confirms,1
wonderful,2
superstition,1
woman,4
instil,1
unwary,1
white,37
wisdom,18
basis,4
build,4
instructed,2
ancient,2
register,2
appeared,2
impress,1
educated,2
remembrance,9
affairs,3
employing,3
labours,1
callings,1
superficial,2
reverenced,2
bottoms,1
judgeth,1
skill,7
laziness,2
precipitancy,4
folk,1
divine,8
she,3
inured,1
bow,1
hot,5
pleasures,14
seriously,5
tenets,3
dare,3
shake,1
endure,4
hardy,1
reproach,1
venture,4
patiently,1
prepare,3
whimsical,1
sceptical,1
atheist,1
standards,5
touchstone,3
hinder,14
idols,2
absurdities,7
errors,6
become,10
zealous,2
votaries,1
bulls,1
monkeys,1
fight,2
solos,1
habendos,1
deos,1
ipse,1
colit,1
warily,4
move,42
avocation,1
helps,2
causes,52
penetrate,3
trace,7
presumed,5
reverence,2
paid,7
venturing,1
accustoming,2
fashions,5
poring,1
dim,2
monsters,1
brain,6
images,8
deity,12
workmanship,2
seal,4
blood,5
tried,8
amidst,1
pretenders,1
gross,8
separately,3
mental,9
verbal,4
belonging,38
attentively,6
faint,3
hunger,13
thirst,9
warmth,8
felt,15
womb,7
answering,9
esteemed,3
impossibility,6
“impossibility”,1
“identity”,1
concludes,2
rubbed,1
nipple,1
taste,17
thence,18
impossibile,1
idem,1
mother,3
stranger,4
flee,1
conclusions,1
infancy,2
childhood,3
cradles,1
resolved,8
seventy,2
consisting,22
changed,16
euphorbus,1
pythagoras,2
lived,3
asunder,4
cock,1
sameness,2
perpetual,4
thousands,1
followers,4
resurrection,3
happy,22
miserable,11
mathematics,3
reckoned,8
considers,25
comprehends,6
relative,29
properly,25
belong,35
extension,130
patrons,1
worshipped,5
deserves,6
character,2
atheists,1
ancients,1
branded,1
records,1
navigation,1
bay,2
soldania,2
brazil,1
caribbee,1
islands,1
nicholaus,1
del,1
techo,1
literis,1
paraquaria,1
caiguarum,1
conversione,1
reperi,1
eam,1
gentem,1
nullum,1
nomen,1
habere,1
deum,1
animam,1
significet,1
sacra,1
habet,2
idola,1
complaints,2
atheism,2
pulpit,1
profligate,1
wretches,1
barefacedly,1
magistrate’s,1
sword,2
neighbour’s,1
tie,3
people’s,4
tongues,1
proclaim,1
sun,68
heat,35
absence,18
loadstone,4
angels,10
excellency,6
extraordinary,2
concernment,10
absolute,10
irresistible,1
sink,2
deeper,1
spread,4
agreeable,7
deducible,3
works,37
creation,13
communication,14
brutish,3
superior,7
powerful,3
wise,19
invisible,4
suitableness,1
wide,3
generations,4
imperfect,13
unsteady,2
conveyed,6
unthinking,2
maturely,2
traced,2
inferred,1
maturity,1
generality,1
acknowledging,2
extended,27
person,71
colony,1
placed,17
island,1
propensity,1
propagate,1
suitable,14
grand,1
homage,1
affections,10
grope,1
wills,23
clash,1
cross,3
romanists,1
infallible,5
infinitely,17
‘i,1
topic,1
requisite,5
endued,1
plant,10
bridges,1
houses,1
totally,3
provided,7
industriously,1
contented,1
looking,6
exceeded,1
hottentots,1
inhabit,2
virginia,1
king,5
apochancana,1
england,3
mathematician,3
improved,1
englishman,3
bounded,4
pursued,3
discoverable,4
resemble,2
teacher,2
represent,20
familiarly,3
enlarge,14
memories,12
compound,9
conceptions,9
unity,15
eternity,36
excluded,5
corporeity,1
representations,12
deities,2
amours,1
marriages,1
copulations,1
lusts,1
quarrels,2
qualities,134
attributed,16
gods,2
heathen,3
universality,3
argued,1
figurative,1
attributes,6
incomprehensible,16
providence,1
bishop,1
beryte,1
testimonies,1
theology,1
siamites,1
owns,5
plurality,1
abbe,1
choisy,1
judiciously,1
remarks,2
journal,1
du,1
siam,1
107,1
177,1
although,1
excludes,4
truest,1
meditation,2
considerate,1
inconsiderate,1
tradition,1
beating,2
odd,6
low,2
pitiful,2
gentilism,1
jews,1
christians,3
mahometans,1
shape,13
sitting,4
heaven,12
owning,1
contending,2
earnestly,1
corporeal,17
anthropomorphites,1
uninstructed,1
condition,10
derogates,1
unfurnished,1
sent,2
unclothed,1
industry,6
intersection,1
straight,7
lines,12
uniform,16
weak,10
infinite,158
substance,154
provide,9
substratum,7
100,5
pounds,1
sterling,1
pocket,1
penny,1
shilling,1
crown,1
coin,1
sum,3
‘that,1
morrow,9
millions,20
blind,16
cataracts,3
couched,2
saffron,3
yellow,15
cleared,1
lucid,1
remembered,7
consciousness,96
distinguishes,7
remembering,5
revive,7
shut,4
windows,2
forty,4
fifty,1
loses,10
talked,2
pox,1
remembers,3
restored,2
revived,3
distinguishing,9
suggested,11
distinguishable,16
graven,1
clearness,6
spoken,5
result,7
puts,15
comparing,24
happen,9
misemploy,1
enslaving,1
dictates,3
blindly,2
swallow,3
expert,2
stopped,6
minister,1
passions,22
admirable,5
contrivances,2
diligence,1
perfecter,3
examining,6
yield,3
probable,15
direction,13
doubting,5
pulling,1
surer,1
ensuing,1
aim,6
followed,6
minding,2
arrogance,1
contemplative,1
brains,5
jot,9
opiniatrety,1
reverend,1
aristotle,1
vented,1
another’s,5
philosopher,8
believes,1
shreds,1
stock,9
gathers,1
wealth,1
fairy,1
leaves,12
dust,4
eased,3
styled,1
tenet,2
believing,3
posture,4
credulity,1
office,4
dictator,3
teacheth,1
duly,9
conclusion,2
premised,2
whereon,9
arguments,2
avoidable,1
task,1
improbability,1
happening,1
controversial,1
assaulting,1
towns,1
firm,3
batteries,1
erected,1
designing,5
edifice,1
erect,1
shore,2
props,1
buttresses,1
leaning,1
castle,1
air,15
hang,1
cogent,1
assumed,1
conjectures,1
unbiassed,3
whiteness,22
hardness,15
motion,290
elephant,5
drunkenness,4
store,4
painted,2
endless,27
ultimately,6
derives,1
reflected,6
supplies,1
fountains,3
spring,6
source,7
convey,12
affect,16
cold,21
soft,9
furnisheth,1
actings,1
affecting,6
gets,6
reflecting,15
originals,7
beginnings,5
comprehending,2
arising,6
uneasiness,90
glimmering,1
furnishes,8
compositions,6
contain,16
thoroughly,3
mass,10
imagines,3
strict,3
compounded,13
enlarged,6
unusual,4
recollect,4
ordered,5
surrounded,3
diversely,2
tangible,4
solicit,3
scarlet,8
green,4
tasted,4
oyster,3
pine,1
differently,8
fewer,5
contemplates,2
turn,15
therein,4
landscape,1
clock,3
heed,1
picture,11
applies,4
continually,3
visions,2
turns,14
inward,3
reflects,9
solicitation,4
delighted,3
changing,7
diverted,1
acquaint,2
sensations,24
riper,1
exists,13
exist,100
coeval,2
rudiments,1
organization,9
disputed,3
dull,10
contemplate,4
preserver,1
“never,1
slumbers,1
sleeps”,1
competent,1
finite,43
informs,3
essential,6
night,11
begging,1
hypothesis,11
dispute,12
watches,1
balance,2
beats,2
watch,3
inference,3
sleep,33
waking,26
sleeping,18
awake,8
dreaming,12
bed,3
enjoyments,7
apart,9
partakes,3
socrates,20
asleep,6
sleeps,4
enjoys,2
indies,1
accompanies,8
personal,24
castor,6
liberally,2
animals,20
subsist,11
separated,13
chooses,5
scene,3
g,42
pollux,2
castor’s,1
wake,2
hercules,1
plato,2
consist,21
united,79
numerical,5
particles,39
flux,2
days,27
moments,3
drowsy,1
nod,1
shakes,1
act,41
waked,1
middle,6
dream,2
soundest,1
retains,7
ado,1
bad,9
dreamed,1
fever,3
recovered,2
twentieth,1
year,12
nights,4
excel,2
glass,7
disappear,4
vanish,6
remain,15
retained,3
traces,4
separate,31
spirit,62
recall,3
experiences,1
contemplations,2
rate,5
noble,2
allowing,2
subtilist,1
breath,2
effaces,1
heap,3
atoms,7
animal,25
altogether,7
behind,1
excellent,1
creator,3
idly,1
uselessly,1
senseless,2
universe,21
thrown,1
dreams,5
willingly,5
conjointly,1
irrational,3
soliloquies,1
meditations,1
union,19
oddly,1
wakes,1
hours’,2
pure,19
tang,1
cask,1
manifestly,4
derive,4
recollects,1
communicating,4
busied,2
congenial,1
underived,1
pronounce,4
forces,4
improbable,1
suspicion,1
jargon,3
hungry,2
notable,2
diviner,1
penetrating,1
declare,1
dogs,1
elephants,1
imaginable,4
telling,1
rosicrucians,1
defining,2
definition,4
definitions,2
suppositions,6
noise,5
increased,6
compounding,4
increases,1
facility,4
imagining,3
mother’s,3
spend,2
teat,1
importunate,1
violent,5
foetus,1
differs,2
vegetable,2
food,3
liquor,3
temper,7
ears,4
susceptible,2
birth,2
converses,2
effects,27
improves,1
advances,2
enlarging,9
abstracting,4
demanded,5
extrinsical,4
contemplated,1
intellect,1
groundwork,1
sublime,1
tower,1
clouds,1
high,1
wanders,1
stirs,1
offered,10
passive,23
merely,1
obtrude,1
blot,1
mirror,3
obliterate,1
surround,2
uncompounded,3
appearances,34
blended,2
separation,15
unmixed,2
colour,46
feels,9
softness,2
wax,18
coldness,5
ice,1
smell,9
lily,1
plainer,3
contains,7
conception,8
repeat,15
compare,18
unite,7
exalted,1
wit,5
quickness,13
invent,1
managed,2
reaches,18
farther,6
divide,10
particle,19
destroying,2
atom,4
inability,2
try,4
palate,11
scent,2
smelt,1
howsoever,1
constituted,3
smells,12
seventh,2
eighth,1
creatures,16
stupendous,2
proudly,1
top,1
immensity,10
fabric,2
inconsiderable,3
mansions,1
worm,1
drawer,1
division,22
amiss,14
reference,45
approaches,1
perceivable,9
fourthly,6
peculiarly,2
shades,2
mixtures,1
purple,2
sea,7
noises,2
tones,1
nose,2
nerves,3
conduits,1
audience,1
presence,5
room,21
disordered,1
perform,6
functions,2
postern,1
configuration,4
smooth,2
rough,1
adhesion,1
tough,1
brittle,2
needless,2
enumerate,7
stinking,1
pleasing,4
displeasing,2
violet,9
sour,1
harsh,5
salt,2
epithets,1
numberless,1
ingredients,4
treat,7
arises,6
resistance,15
possesses,5
supports,3
sinking,1
downwards,2
handle,3
insurmountable,1
approach,18
press,3
moved,27
acceptation,3
solid,55
suffices,11
justify,2
impenetrability,2
negative,11
intimately,2
connected,1
masses,6
grosser,2
minutest,1
inseparably,3
modified,11
fills,7
fill,4
filling,2
removes,1
parallel,3
ordinarily,16
surmount,4
pressing,5
drop,1
water,30
sides,19
overcome,1
approaching,5
touching,2
displacing,2
superficies,14
annihilation,4
single,12
succeeding,4
including,11
includes,12
vacuum,14
deserted,3
whereinto,1
protrusion,5
sucker,2
pump,1
tube,1
imply,2
contiguous,2
differenced,2
repletion,1
utter,1
exclusion,2
cohesion,26
pressure,15
changes,10
unpainful,1
difficulty,23
hardest,2
softest,2
adamant,2
flat,2
pieces,5
marble,6
diamond,7
resist,4
separable,9
eternally,2
invincibly,1
yielding,1
inclosed,1
football,2
experiment,10
florence,1
hollow,2
globe,9
exactly,14
golden,1
driven,3
extreme,3
screws,1
pores,2
close,4
metal,3
outside,4
dew,1
fell,2
drops,1
compression,1
engine,1
squeezed,1
impulse,26
continuity,6
movable,2
unsolid,1
immovable,4
mutual,2
resists,2
protruded,2
concave,1
confound,7
trumpet,2
fancied,2
asks,2
send,4
flint,1
promise,1
succeed,8
darkness,8
talking,6
feeling,4
principal,3
volition,39
denominated,13
mix,1
delights,3
molests,1
operating,8
torment,4
anguish,3
choose,18
excite,11
prefer,16
negligence,3
stir,1
adrift,1
unregarded,3
shadows,4
attending,2
inactive,1
lethargic,1
annex,4
endowed,3
unemployed,1
efficacy,5
conjunction,1
admiring,1
harm,2
advices,1
withdraw,2
organ,12
painful,3
favourably,1
vehemency,1
disorder,4
instruments,3
structures,1
nice,1
delicate,1
warned,1
unfitted,1
insufferable,1
disease,6
causing,3
disorderly,3
unarmed,1
excess,6
destructive,2
insensible,20
scattered,4
environ,2
imperfection,6
dissatisfaction,1
complete,12
enjoyment,12
fullness,1
joy,6
evermore,1
annexing,2
serving,5
sentiments,1
sovereign,2
disposer,1
unsuitable,1
main,4
suggests,2
occurring,1
succession,66
passing,3
going,9
intermission,1
capacious,1
expatiate,1
flight,2
limits,5
extends,4
excursions,1
inane,3
assign,2
inlets,2
quickest,3
largest,4
fancies,3
composition,14
letters,5
combinations,34
inexhaustible,7
immense,1
field,1
privative,6
privation,3
privations,1
existing,45
ranged,1
painter,1
dyer,1
clearly,11
natures,2
undertaking,1
agitated,2
abatement,1
meaningless,1
shadow,8
discernible,9
looks,4
covered,1
negation,21
silence,4
hole,1
ink,1
intelligibly,3
modifications,19
resemblances,10
likeness,4
quality,11
snowball,2
round,7
inseperable,1
suffers,2
singly,6
grain,1
wheat,1
mobility,6
mill,1
pestle,3
reducing,2
editions,6
organism,1
seat,1
bigness,5
maybe,1
imperceptible,1
secondary,20
smaller,5
peas,1
hail,1
stones,1
figures,19
bulks,2
flower,2
similitude,2
steel,2
dividing,1
flesh,2
resemblance,11
texture,20
patterns,11
warm,2
flame,4
snow,8
manna,17
judged,19
bethink,1
sickness,8
ear,2
odours,1
represents,6
moving,19
acute,7
gripings,1
caused,9
confessedly,1
stomach,6
guts,3
porphyry,2
striking,2
return,15
redness,3
porphryry,1
rays,1
rebounding,1
stone,5
pound,1
almond,1
dirty,1
oily,1
minute,23
producing,19
diminution,3
corpuscles,4
excursion,2
goes,9
discerned,3
imputed,4
fluid,10
relating,7
resulting,3
mere,3
melts,1
blanches,1
blanched,2
melted,3
containing,6
production,10
apparent,13
congruity,2
conceivable,6
wherefore,1
unlikeness,2
efficient,1
modification,9
twofold,2
mediately,4
beside,1
simplest,2
tongue,2
active,31
naked,7
notices,1
organic,1
burn,2
billet,1
insufficient,1
intently,2
curiously,1
surveying,1
sounding,2
reaching,5
defect,10
times,29
usual,16
diseases,2
conjecture,6
rejected,1
exterior,5
differing,5
precedency,3
accidental,4
subservient,3
necessities,2
occur,3
weakest,1
covetous,1
accompanying,4
guessed,2
children’s,1
alabaster,1
jet,1
shadowed,1
brightness,2
convex,2
reflections,2
habitual,4
alters,4
collecting,4
frames,3
plane,2
coloured,3
painting,2
insert,1
problem,3
promoter,1
molineux,1
letter,1
months,3
“suppose,1
adult,1
cube,10
sphere,4
nighly,1
table,3
quaere,1
proposer,1
answers,2
“not,1
obtained,5
affects,4
protuberant,1
angle,4
pressed,3
unequally,1
gentleman,4
proud,1
friend,9
unerringly,1
beholden,2
adds,7
“having,1
judgement,1
conveying,2
varieties,2
habit,3
performed,9
formed,2
reads,2
excited,1
unconsciously,1
crowded,1
instant,15
comparison,13
glance,2
surprised,1
habits,10
eyelids,1
sentence,5
vegetables,3
kingdom,1
inferior,4
briskly,1
sensitive,1
plants,2
turning,2
oat,1
beard,1
moisture,1
shortening,1
rope,1
affusion,1
avenues,1
ranks,3
cockle,2
incapacity,1
transferring,1
bettered,1
evil,53
inconvenience,2
afflux,1
colder,1
warmer,1
clean,2
foul,1
decay,4
insensibility,1
decrepit,1
wiped,1
boasted,1
intellectual,18
sixty,4
perfections,4
lowest,3
inlet,4
duller,2
individuals,1
remarked,1
indifferent,7
disappeared,1
aside,1
storehouse,2
repository,2
additional,5
ability,13
paint,1
anew,1
lively,3
repetition,7
fixing,2
deepest,3
accompanied,6
hurts,1
supplying,1
acting,12
quicker,4
haste,2
settles,2
fade,2
heedless,1
intent,4
setting,6
repeated,21
flying,2
corn,2
oblivion,3
glimpse,1
mischance,1
slightly,1
wear,2
tenacious,1
miracle,1
struck,2
retentive,1
renewed,1
wears,1
remains,13
youth,1
tombs,1
brass,2
effaced,1
imagery,1
moulders,1
pictures,6
fading,1
refreshed,2
freestone,1
sand,2
oftentimes,5
strip,2
flames,1
calcine,1
graved,1
remark,4
oftenest,1
longest,1
employs,2
viewing,4
dormant,2
hidden,2
accord,1
roused,1
tumbled,1
cells,1
daylight,3
turbulent,1
tempestuous,1
bringing,4
lain,1
imports,1
renews,1
defects,7
moves,12
slowly,1
retrieves,1
stupidity,1
default,2
seeking,1
invention,4
compared,19
created,10
slip,4
omniscience,1
communicate,5
glorious,1
attendants,1
proportions,1
reported,2
prodigy,1
monsieur,2
pascal,2
impaired,1
forgot,3
incredible,1
exceedingly,1
surpass,2
ours,7
brutes,14
retaining,1
birds,7
tunes,1
notes,8
conform,4
voices,1
mechanically,3
tune,9
playing,2
muscles,1
bird,1
tend,3
bird’s,3
ceased,1
voice,3
imitation,3
played,1
yesterday,12
pattern,11
imitate,1
essays,1
pipe,2
discernment,1
overlooking,1
impute,2
accurately,2
discriminating,1
dulness,1
acuteness,3
hastiness,1
disturbed,4
misled,7
unconfused,1
nicely,5
exactness,4
prompt,1
assemblage,2
separating,4
affinity,1
metaphor,1
allusion,1
pleasantry,1
strikes,1
beauty,4
required,6
rests,3
agreeableness,3
affront,1
severe,1
contributes,3
breed,3
err,6
gall,1
orange,1
azure,1
parcel,11
infusion,1
lignum,1
nephritium,1
imperfectly,3
combines,1
adding,15
units,10
perches,1
furlong,1
dog,3
credibly,1
bitch,1
play,4
foxes,1
puppies,1
suck,1
milk,3
numerous,2
brood,1
mightily,2
stolen,1
lessened,3
naming,4
fixed,14
framing,2
borrow,1
abstraction,3
existences,7
representatives,2
applicable,9
chalk,1
representative,1
wheresoever,1
universals,1
discriminated,1
widens,1
tied,3
madmen,6
faultering,1
dully,1
fine,2
activity,2
deprived,2
wrongly,2
violence,1
imaginations,4
realities,1
fancying,1
sober,8
frantic,1
bedlam,2
sudden,1
cemented,1
powerfully,2
folly,1
jumbling,1
subjoined,1
principally,3
gradual,1
improvements,1
extracts,1
denominates,3
compares,5
exercises,2
storing,1
infused,1
enjoy,9
unlike,3
closet,1
openings,1
orderly,4
guesses,3
complicated,1
entire,3
voluntarily,3
repeating,9
joining,9
varying,4
multiplying,4
sources,4
ultimate,1
dropped,5
offers,4
decompounded,3
subsisting,2
dependences,1
murder,5
mode,17
variations,2
mixture,5
score,3
beholder,1
theft,1
concealed,1
proprietor,1
combination,18
whitish,1
ductility,3
fusibility,6
sheep,2
flock,1
unit,14
abstrusest,1
repeats,1
unites,6
abstruse,3
treated,3
suggestion,1
contrariety,2
blueness,1
showed,3
breadth,3
thickness,3
extremities,9
moveable,1
possessing,1
stated,3
lengths,22
measuring,9
distances,12
foot,11
yard,8
league,1
diameter,4
mixing,1
cubic,2
feet,14
yards,6
fathoms,3
doubling,3
stint,1
termination,2
circumscribed,1
crooked,3
coherent,6
infinitum,13
directly,3
stretched,2
double,8
shorten,2
divisions,3
enclosed,1
sensibly,5
vulgarly,2
portions,11
chess,10
squares,1
board,7
unmoved,1
chessboard,3
cabin,2
ship,8
sails,1
neighbouring,2
land,2
remoter,2
determines,30
varied,2
position,8
designation,4
adjacent,1
served,1
chequered,1
wood,5
bag,1
verses,2
story,3
nisus,1
euryalus,1
bodley’s,1
library,2
virgil’s,1
ninth,1
aeneids,1
virgil,2
recourse,1
phrase,5
signifying,4
location,1
undistinguishable,3
limited,6
severely,1
deceitful,2
possessed,6
contact,7
valid,1
mentally,4
remove,11
acquiring,1
compatible,1
answerable,4
commensurate,4
partial,4
disjoined,2
terminating,4
inseparability,1
partes,2
extra,1
asking,1
fibre,2
fibres,1
enabled,1
dilemma,1
accident,2
ashamed,2
meanings,2
deliver,1
fallacies,1
feign,1
significations,4
syllables,1
applying,4
tree,2
pebble,2
promiscuous,1
accidents,6
needed,3
inhere,2
indian,3
tortoise,3
effectually,1
european,2
sticking,2
propping,2
american,1
satisfactory,3
desiring,4
architecture,1
pillar,2
supported,4
mocked,1
consisted,5
inhering,1
forth,11
latin,1
inhaerentia,1
substantio,1
deciding,1
extremity,4
stretch,2
arm,2
outwards,1
loth,1
annihilate,3
annihilated,1
circumambient,1
wall,1
plenitude,3
plenum,1
absurdly,1
omnipotency,1
neighbourhood,2
dimension,1
divided,10
seed,4
000,20
destroys,1
smallest,5
mega,1
chasma,1
1000,3
include,9
joins,3
busiest,1
essences,22
concluded,3
solomon,2
heavens,2
emphatical,1
literal,1
dimensions,6
thrusting,1
expulsion,1
scrupulously,1
wrangling,3
bookish,1
devoted,1
prejudices,1
imbibed,1
inadvertency,3
assiduity,1
builds,1
fleeting,11
permanent,5
perishing,3
rogas,1
intelligo,1
reveals,1
origin,4
aright,4
successively,7
continuation,11
co,14
existent,7
ceases,8
experiments,2
soundly,1
hour,13
month,1
fixes,3
lets,3
distant,10
perceptible,2
slept,2
revolution,7
regular,18
proceeded,2
adam,1
eve,1
night’s,1
irrecoverably,1
successive,11
becalmed,1
slow,10
unperceived,2
swift,8
inside,1
lantern,1
faster,1
slower,1
varies,1
delay,1
hasten,1
cannon,1
bullet,1
limb,2
fleshy,1
strike,1
shot,1
blow,3
walls,2
stroke,2
fresh,2
fast,9
clocks,1
dials,1
successions,2
standard,11
exceeds,1
pace,3
gaps,1
invariable,2
shift,2
continual,4
unvaried,1
wary,1
heedfully,1
uninterrupted,1
rendered,3
periods,23
marked,17
epochs,2
unvarying,1
inches,5
apparently,3
measured,13
‘before,2
‘when,2
revolutions,13
moon,1
properest,1
diurnal,3
annual,10
depended,1
minutes,7
heavenly,1
periodical,9
seemingly,5
equidistant,8
spaces,1
lighted,3
meridian,1
twelve,2
decreased,1
freezing,2
blooming,1
returning,4
reckon,9
america,1
seasons,3
ague,1
summer,1
winter,3
autumn,2
reformation,1
calendar,1
julius,1
caesar,6
irregular,4
chronology,1
flood,3
equator,1
dispersed,1
habitable,1
tropics,1
antediluvian,1
discovering,2
inequality,2
nuchthaemera,1
exacter,1
unequal,5
pendulum,3
swings,1
medium,6
defined,3
‘measure,1
motion’,1
computation,2
conduce,3
winds,1
irregularly,1
circular,1
comet,1
miles,10
analogous,1
returns,6
disposed,3
cubit,1
abraham,1
hundred,8
twelfth,1
julian,4
period,10
back,3
durations,2
existed,16
confines,5
5639,7
remotest,3
mile,4
assumption,1
needful,1
ultra,1
sun’s,2
dial,4
burning,2
shone,1
lasted,2
dependent,1
ease,7
interval,1
29,4
egyptians,1
alexander,1
reign,1
chinese,1
269,1
methusalem’s,1
enoch’s,1
older,3
50,4
30,5
delivered,1
moses,1
chaos,1
31,4
fifthly,2
sixthly,1
illustration,1
intimates,1
quantities,3
inch,4
span,1
spans,1
paces,2
equals,1
star,1
progression,11
confine,1
‘heaven,1
magnifies,1
persuades,1
admits,2
allows,3
likewise,11
ascribes,1
hesitation,1
speaks,2
ascribe,3
reserve,1
attributing,2
apter,1
reached,1
imaginary,6
anatomical,1
analogy,2
kin,2
durare,2
durum,1
horace,1
epod,1
ferro,1
duravit,1
secula,1
pursues,4
launch,1
oceans,3
landmarks,1
denote,5
jumbled,5
incurable,2
abysses,1
portion,8
appointed,2
7640,2
undistinguished,1
abstractly,1
lincoln’s,1
inn,1
taurus,1
1671,1
1000th,1
preconceived,1
divisibility,12
indivisible,1
cubits,1
parasangs,1
seconds,2
component,1
fractions,2
fittest,2
sharpest,1
centre,2
interrupted,3
multiplicity,1
comprehensions,1
exclude,5
share,2
exceed,5
magnitude,2
holds,4
mutually,1
couple,1
approacheth,1
mite,1
distinctness,1
smallness,7
quantity,17
91,2
90,4
9000,1
innumerable,3
biggest,1
collections,17
series,3
numeration,2
subtracting,1
collection,32
retreat,1
americans,1
scanty,4
accommodated,2
necessaries,1
needy,1
trade,1
hairs,1
decimal,1
progressions,6
nonillions,1
857324,1
octillions,1
162486,1
septillions,1
345896,1
sextillions,1
437918,1
quintrillions,1
423147,1
quartrillions,1
248106,1
trillions,1
235421,1
billions,1
261734,1
368149,1
623137,1
denomination,11
numbering,3
pretending,1
collect,5
range,2
orders,4
numeral,1
lifetime,1
regularly,6
gap,1
chain,3
breaks,1
subtraction,3
confusedly,2
random,1
trips,1
measurables,1
measurable,1
lessens,2
addibility,2
primarily,4
incomprehensibly,1
ubiquity,1
figuratively,1
conceiving,4
largeness,2
orbis,2
magnus,2
doubles,2
multiplies,1
adamantine,1
facilitates,1
enlarges,2
body’s,1
interspersed,1
spoke,1
enlargement,1
perfectest,2
whitest,1
whiter,4
augmented,2
yielded,1
embody,1
increasing,4
diminish,4
arise,6
terminated,4
adjust,1
subtilty,1
remainder,2
completing,2
terminates,7
perplexes,1
addible,1
boundary,1
contrasted,1
forwards,3
unconceivable,1
undeterminate,2
parte,5
ante,3
assignable,1
multiplied,1
backward,1
indeterminable,2
fugitive,1
amass,1
mariner,1
depth,2
plummet,1
stopping,4
ten,13
comparative,4
endeavouring,3
incomplete,4
sands,2
indeterminate,1
intimation,4
total,2
carrying,3
continuance,3
punctum,2
stans,2
inconceivable,2
quantum,1
diminishing,2
mortar,1
indivisibility,1
acutest,1
surveyor,1
littleness,1
consequent,6
wearies,1
channel,1
river,1
stood,5
‘rusticus,1
expectat,1
defluat,1
amnis,1
ille,1
labitur,1
labetur,1
omne,1
volubilis,1
aevum,1
bushel,1
nut,1
shell,1
kernel,1
contemporary,2
omnipresence,1
infinites,1
confuted,1
inextricable,1
involve,2
disproportion,2
perplexities,1
contradictions,2
overlaid,1
latitude,2
method’s,1
briefly,1
slide,2
roll,1
tumble,1
walk,7
creep,1
dance,5
leap,5
skip,1
musician,2
termed,6
assemblages,1
weaving,1
needleworks,1
rainbow,1
enumeration,2
mood,1
ranked,6
instanced,4
record,1
ambages,1
circumlocutions,1
expedite,1
trades,1
dispatch,3
coltshire,1
drilling,1
filtration,1
cohobation,2
employments,1
suggest,2
smiths,1
chymists,1
distilling,2
pouring,1
distilled,1
inwards,2
occurs,3
recurs,1
sensory,1
recollection,2
attentive,1
float,1
regard,7
french,1
reverie,2
registered,3
earnestness,2
ecstasy,1
digression,2
convinces,2
shuts,1
season,2
pursuing,5
remission,2
experimented,1
vivid,1
stormy,1
thunder,1
lightning,1
shaking,1
house,1
remiss,1
retirements,1
agents,15
simply,4
define,1
deprive,1
hinges,1
loves,2
grapes,3
hatred,6
inanimate,1
destruction,1
welfare,1
dispositions,1
vehement,2
spur,2
displeasure,3
velleity,1
wishes,2
effectual,1
vigorous,1
abated,1
unattainableness,2
cured,2
allayed,1
seasonable,1
starved,1
arrival,1
relief,1
father,14
sorrow,3
enjoyed,4
befal,1
indolency,2
anger,5
discomposure,1
receipt,3
injury,2
valuing,1
merits,1
intending,3
purely,3
rejoice,1
hate,1
grieve,1
operates,14
intimated,2
bodily,5
removal,10
lessening,2
indecent,1
valued,1
blushing,1
drinking,6
teeth,1
edge,1
music,1
captious,1
uninstructive,1
melt,1
consistency,3
blanch,1
yellowness,4
destroyed,2
fold,2
destitute,2
intermediate,1
secret,11
ingredient,2
abundantly,1
ball,6
obeys,4
billiard,1
stick,3
communicates,1
transfer,3
impelled,1
preference,20
ordering,3
commanding,2
forbearing,3
versa,6
involuntary,3
repugnancy,1
perceptive,1
preferring,12
provinces,1
authorities,1
obey,2
everyone,1
performance,3
preferred,3
tennis,3
racket,2
falling,4
bridge,1
prefers,5
cessation,1
convulsive,2
pities,2
constraint,2
longs,1
locked,2
awakes,1
desirable,2
stays,1
check,5
compulsion,2
heart,3
circulates,1
agitate,1
chorea,1
sancti,1
viti,1
dancing,8
falls,1
palsy,1
stocks,1
obeying,1
paralytic,1
obtain,5
effort,3
rack,4
divert,1
boisterous,1
hurries,1
hurricane,1
regains,1
hindering,1
swiftness,1
squareness,1
laugh,1
choosing,7
walking,8
withholding,1
continuing,2
omission,2
midas’s,1
riches,9
appropriation,1
disguises,1
palliate,1
singing,7
sings,1
dances,2
conceives,1
disobeys,2
operated,3
exercising,2
belonged,2
introducing,1
helped,1
physic,1
languages,9
likes,2
gaudy,1
complacency,1
clothed,1
perspicuity,1
represented,5
digested,2
stomachs,1
digestive,1
expulsive,1
motive,5
elective,1
willed,2
commanded,2
digest,2
digestion,1
freer,2
inquisitive,2
guilt,1
fatal,2
plea,2
execute,2
sits,2
walks,4
precipice,1
continues,3
entangle,1
cliff,1
upwards,2
tumbles,1
prisoner,1
north,2
southward,1
northward,1
crave,4
holding,1
forbearances,1
requiring,1
weighty,2
brevity’s,2
operative,3
satisfies,1
shortness’,1
determining,9
premise,1
avoided,4
tendency,6
tends,2
gout,1
limbs,3
doziness,1
rid,5
apprehends,1
translate,1
noxious,1
vital,7
disquiet,1
32,2
‘deferred,1
sick’,1
raises,3
pitch,1
‘give,1
‘or,1
burden,2
borne,1
unremoved,1
33,2
indolence,1
conducted,1
courses,5
34,2
suitably,1
uneasinesses,13
‘it,1
marry,1
drives,2
conjugal,1
pushes,1
allure,1
35,2
excusable,1
apprehended,3
until,1
proportionably,1
uneasy,7
poverty,1
handsome,1
nasty,1
penury,1
aims,1
hungers,1
thirsts,1
righteousness,1
drunkard,1
decays,1
wastes,1
discredit,4
beloved,1
drink,4
attends,2
cups,2
tavern,1
joys,8
confesses,1
tickling,1
wine,6
chat,1
soaking,1
club,2
acknowledges,1
resolutions,2
promises,1
attainment,3
goods,2
complainer,1
video,1
meliora,1
proboque,1
deteriora,1
sequor,1
36,2
spoiling,1
mar,1
rejoiced,1
37,2
home,3
viewed,3
counterbalance,4
unactive,1
unspeakable,2
prevailing,2
38,1
purse,1
outweighing,1
worldly,1
seize,1
39,1
determinations,2
trifles,1
everlasting,2
stedfastly,1
ungovernable,1
violently,1
impatient,1
uninterruptedly,1
influenced,1
topping,1
lasts,3
40,2
foresight,2
lose,6
41,1
beset,2
sundry,2
unattainable,1
designedly,1
urgent,1
42,1
competition,2
43,2
missing,2
44,1
sensual,1
other’s,2
cheer,1
poignant,1
sauces,1
delicious,2
wholesome,1
epicure,1
buckles,1
mistress,1
45,1
trifling,1
remissness,1
durable,2
surpassing,1
pittance,1
46,1
weariness,1
sleepiness,1
harms,1
itch,1
vacant,1
attraction,2
adopted,1
heaped,1
dispatched,1
getting,2
unhappiness,1
justled,1
47,1
soliciting,2
balancing,2
freed,1
48,1
suspend,9
prosecution,4
execution,1
weigh,1
precipitate,2
engage,1
improperly,1
suspension,1
49,1
benefit,2
abridgment,4
slavery,1
indifference,1
determinable,1
lift,1
lifting,1
save,1
certainer,1
freest,1
51,1
changeling,1
fool,1
fools,1
freemen,1
mad,5
accounts,2
complained,1
felicity,2
engaging,1
consulting,1
abridges,1
chains,1
knocked,1
prison,2
doors,1
illness,1
lodging,1
compliance,9
preferable,1
demands,2
53,1
hinge,1
deliberation,2
wariness,1
bliss,3
establishes,2
suspense,1
scrutiny,1
interfere,1
mislead,3
undetermined,6
linked,2
mature,1
54,1
government,2
disturbance,3
impetuous,1
frailty,1
merciful,1
moderation,1
suit,3
intrinsic,1
losing,4
prince,3
55,1
contrarily,1
choices,1
pursuits,1
luxury,1
debauchery,1
sobriety,1
physician,1
patient,2
sore,1
naught,1
56,1
fruitlessly,1
cheese,1
lobsters,1
fare,1
nauseous,2
offensive,4
griping,1
belly,1
dishes,1
summum,1
bonum,1
apples,1
plums,1
nuts,1
avoiding,1
grave,1
‘let,1
‘for,1
insects,1
bees,1
beetles,1
viands,1
57,1
58,1
59,1
injuries,1
etc,1
forcibly,1
torments,1
tragical,1
theatre,1
fetch,1
cogit,1
turpia,1
pray,1
‘lead,1
temptation,1
60,2
drew,1
starving,1
lust,1
61,1
scantling,1
sufficing,3
afresh,1
62,1
aptness,5
satisfactions,1
longings,1
righteous,1
‘render,1
deeds,1
immortality,1
indignation,1
wrath,1
tribulation,1
behaviour,1
exquisite,2
immortal,1
transient,3
63,1
pronouncing,1
64,2
misleads,3
fasten,1
misreporting,1
comparisons,2
seeks,1
65,1
positions,1
disadvantage,1
spendthrift,1
heirs,1
reversion,1
nearness,1
wilful,2
aching,1
conditions,1
lips,1
swallows,1
chosen,1
impose,3
obtains,2
procurement,1
66,1
languid,1
extinguishes,1
mingled,1
cup,1
loud,1
worst,2
‘any,1
intolerable,2
passionately,1
abstinence,1
inflamed,1
blindfold,2
67,1
unable,1
insipid,1
forego,1
68,1
address,3
repentance,1
weightiness,2
69,1
judges,6
informing,2
acquit,1
overlooks,3
odds,2
huddled,1
sums,1
overlooked,3
heightened,1
feeble,1
passionate,1
wrought,2
indispositions,1
severally,4
contribute,1
70,1
endeared,1
disturbs,1
placing,2
neglecting,3
misses,1
unpleasantness,2
preposterous,1
71,1
disagreeableness,1
pleasantness,1
correct,1
displeasingness,1
bread,2
tobacco,1
disrelish,1
recommends,2
seasoned,1
dish,1
gusto,1
potion,1
trials,1
reconcile,2
liking,2
displeased,1
charms,1
attractions,1
easiness,1
accustom,2
entertained,1
paradox,2
remedy,1
wandering,2
values,1
misplaced,1
rectify,3
conducive,1
overtakes,1
72,1
shameful,1
distract,2
enforcements,2
vicious,4
dreadful,1
overtake,1
guilty,4
wicked,3
scale,1
pious,1
hazard,1
ventures,1
forborne,1
fearing,3
publication,1
suspecting,1
review,1
lighting,1
opened,1
invariably,1
suspended,1
guided,1
74,1
importance,1
attempt,1
lover,1
worshipper,1
whither,1
disingenuous,1
dissemble,1
blemishing,1
sincere,1
severer,1
impartial,1
controverted,1
rare,1
75,1
summary,2
perceptivity,1
motivity,3
danger,6
equivocal,1
extensions,2
philosophically,1
disquisition,1
rebound,1
characteristical,2
independent,8
sufficed,1
combined,4
hypocrisy,1
abound,1
sacrilege,1
combining,1
killing,3
parricide,1
affix,1
periphrases,1
ostrakismos,1
proscriptio,1
descriptions,1
wrapped,1
saved,1
reprieve,1
periphrasis,1
triumph,1
apotheosis,1
wrestle,1
fence,1
wrestling,1
fencing,1
invented,1
printing,1
etching,1
constituent,1
resolvable,1
speaker,2
affirmation,5
analysis,1
tediousness,1
stinted,1
scope,1
flow,8
disorders,3
repressed,1
boldness,1
disposition,4
testiness,1
operandi,1
countryman,1
freezes,1
import,5
ethics,1
politics,1
declared,1
afterward,1
complication,3
inheres,2
adhere,2
rested,1
backed,1
replied,1
substante,1
substantia,1
upholding,1
horse,17
iron,9
smith,1
jeweller,1
substantial,3
figured,2
friability,1
spiritual,8
apprehending,1
specific,11
adherent,1
meantime,1
vitriol,1
aggregate,3
roundish,1
properties,24
gathered,1
conveniently,1
drawing,1
brittleness,1
charcoal,1
cognizance,1
exhibit,1
looser,1
potentialities,1
differences,3
opium,1
soporific,1
anodyne,1
dissolved,2
aqua,4
regia,4
introduces,1
microscopes,1
augmenting,1
altering,1
pounded,1
opaque,1
pellucid,4
microscope,4
hair,1
sparkling,1
refraction,1
diamonds,1
lesser,1
globules,2
swimming,2
glasses,2
contriver,1
accommodate,2
exigences,1
insight,1
admire,2
acuter,1
scheme,1
wellbeing,1
higher,2
breathe,1
allotted,1
architect,1
quietest,1
meditate,2
tenderness,1
microscopical,1
radical,1
market,1
exchange,1
sharp,2
structure,3
elastic,1
plate,1
o’clock,1
owner,6
benefited,1
contrivance,1
machine,3
assume,2
conformation,3
vision,1
casually,1
wonders,1
juices,1
contrived,1
startle,1
fathers,1
swan,1
neck,2
beak,1
immaterial,45
quieting,1
familiarity,1
contradistinguished,2
oxford,2
journey,1
coach,1
immoveable,1
ubi,1
exciting,3
immersed,1
subjected,2
cohere,5
coherence,2
aether,5
subtiler,1
bonds,3
corpuscle,1
materia,1
subtilis,1
ingeniously,1
divisible,1
ambient,3
avulsion,1
polished,3
perpendicular,1
marbles,1
surfaces,2
lateral,3
environed,1
sliding,1
intersecting,1
fusion,1
arms,2
compose,1
separates,2
consolidate,1
heaps,1
cement,2
consolidation,1
hoops,1
bond,1
firmness,1
indissolubility,1
scattering,1
abyss,2
resolving,1
ordinariest,1
conjectured,1
sightedness,1
efforts,4
advance,3
pry,1
cohering,1
involves,1
involving,2
explicated,1
experimenting,1
concieve,1
dive,1
perplexedness,1
blindness,1
twice,1
existance,1
d,2
vastness,1
incognisable,1
selves,3
extents,1
restrained,1
solubility,3
fitness,4
representation,5
composing,1
uniting,3
troop,1
swarm,1
city,2
constellation,1
draughts,2
intimating,1
relatives,2
related,8
caius,8
husband,5
contract,2
ceremony,1
marriage,1
sempronia,4
correlative,4
reciprocal,2
son,6
wife,2
nearly,3
chime,1
concubine,1
correlatives,1
superinduced,2
refers,7
contributed,3
generation,4
referring,3
younger,2
weaker,1
family,1
sustain,1
brother,4
grandfather,2
grandson,1
patron,3
client,3
professor,2
islander,1
possessor,1
captain,1
extraneous,3
paternity,1
parent,1
brothers,5
significant,1
egg,2
hatched,1
dam,1
chick,1
cassiowaries,1
james’s,1
park,1
leading,2
merry,1
thoughtful,1
thirsty,1
blacker,1
merrier,1
premises,1
refined,1
vicissitude,1
fluidity,3
ashes,3
rerum,1
natura,2
pre,4
referred,17
juxta,1
generated,1
queen,1
elizabeth,1
nine,2
reigned,1
william,1
conqueror,1
invaded,1
1066,1
saviour’s,1
invasion,1
outlasted,1
thereunto,1
ruby,1
charing,1
horses,3
welchman,1
fleming,1
sized,1
stores,2
accomplishing,1
vary,1
diverse,2
intelligences,1
determinated,1
distinctions,2
renders,1
principium,2
individuationis,2
incommunicable,3
immutable,1
oak,6
lopped,1
colt,1
lean,1
constitutes,2
distribute,7
bark,1
partaking,1
communicated,3
vitally,6
concrete,3
individual,18
backwards,2
construction,1
organized,7
repaired,1
diminished,1
participation,1
embryo,1
seth,1
ismael,1
pilate,1
austin,1
borgia,1
transmigration,1
miscarriages,1
detruded,1
habitations,1
brutal,1
heliogabalus,2
hogs,1
hog,1
attended,1
prevented,1
confident,1
parrot,5
philosophize,1
shaped,1
shifted,1
identical,2
remained,1
consciously,1
forgetfulness,3
solely,2
wearing,1
clothes,1
sympathizes,1
personality,3
cartesians,1
transferred,2
reflex,1
draws,1
stripped,2
retrieving,2
platonist,1
pythagorean,1
ended,1
revolved,1
socrates’s,1
nestor,6
thersites,2
siege,1
troy,1
nestor’s,1
thersites’,1
numerically,1
inhabits,1
prince’s,2
cobbler,2
accountable,3
princely,1
ark,1
noah’s,1
overflowing,1
thames,2
overflowed,1
deluge,1
mattering,1
mayor,1
queenborough,1
twin,2
outsides,1
twins,1
forgotten,1
solemnest,1
declaration,1
punishing,1
‘not,1
‘beside,1
himself’,1
insinuated,1
selfsame,1
infant,1
drunk,2
punished,2
commits,1
counterfeit,1
secrets,2
doom,1
accusing,1
excusing,1
carcass,1
consciousnesses,1
clothings,1
owing,2
granting,1
recovers,1
resided,1
forensic,2
appropriating,1
imputes,1
appropriate,1
demerit,1
apostle,1
‘receive,1
doings,1
justified,1
adheres,1
pardonable,2
sheep’s,1
meliboeus,1
ram,1
rises,2
preserves,1
proportional,3
causality,1
sweeter,2
cousin,2
germans,2
community,1
countrymen,1
tract,1
begetter,1
begotten,2
races,1
bull,1
calf,1
pigeons,1
communications,1
proportioned,1
commerce,1
philosophical,2
pedigrees,1
kindred,1
instituted,2
armed,1
citizen,1
burgher,1
privileges,1
alterable,1
importing,1
constable,2
polygamy,1
wives,1
morally,1
b,5
procures,1
decree,1
enforcement,1
deviation,2
product,1
obliquity,3
civil,5
criminal,2
sin,4
promulgated,1
enforce,3
crimes,1
protect,3
liberties,1
possessions,1
offences,1
coincident,1
praiseworthy,3
blamable,1
praise,5
clubs,1
disgrace,4
politic,2
resigned,1
disposing,1
citizens,1
approving,1
disapproving,1
sua,1
praemia,1
laudi,1
cicero,1
nihil,1
praestantius,1
honestatem,1
laudem,1
dignitatem,1
decus,1
encourage,1
discountenance,1
unchangeable,1
breeds,1
mischiefs,1
renouncing,1
‘whatsoever,1
lovely,1
phil,1
inforcement,1
skilled,1
magistrate,1
penalties,1
reconciliation,1
flatter,1
impunity,1
escapes,1
offends,1
stiff,1
condemnation,1
solitude,1
familiars,1
sufferance,1
irreconcileable,1
disagrees,1
purposing,1
malice,1
wishing,1
forbidden,1
legislative,1
lawful,1
unlawful,1
crime,3
regarded,2
wither,1
challenging,1
fighting,1
duelling,1
valour,1
municipal,1
governments,1
capital,1
stealing,4
disagreeing,1
madman,1
‘honey,1
remotely,1
births,2
digged,2
titus,1
parsley,2
became,1
midwife,1
circumstance,1
descent,2
erroneous,2
bears,2
aptly,1
minutely,1
freshness,1
faded,1
tarnished,1
hardened,1
chargeable,1
defaults,2
beast,1
spots,1
leopard,3
lynx,3
spotted,1
designed,5
panther,1
properer,1
surprising,1
pencil,1
symmetry,2
cloudy,1
sky,1
discernibly,1
counts,1
baboon,2
pompey,2
cylindrical,1
mutable,2
idolatry,2
unobserved,1
fuller,1
annexes,1
commune,1
accommodating,1
wished,1
hoped,1
variable,1
superiority,1
ingenuity,1
abuses,1
chiliaedron,3
999,2
heeded,2
arguings,3
wrangle,1
blunder,1
abstractedly,1
totum,1
pars,1
000th,2
refine,1
cyphers,1
halves,1
arithmetic,1
400,5
doublings,1
surplus,1
archetypes,21
threefold,1
chimerical,3
tacitly,2
fictions,1
forming,1
jumble,1
liberality,2
fantasticalness,1
relates,1
undisturbed,2
sedately,1
courage,4
deformity,1
horse’s,2
centaurs,1
malleable,2
fusible,2
lighter,1
unorganized,1
similar,1
inconsistency,1
correspondent,1
fiction,1
mount,1
aetna,1
acquiesces,1
sedate,1
executing,1
deterred,1
defective,4
archetype,2
faulty,2
deficient,2
needing,1
property,4
malleableness,3
ring,1
fixedness,7
mercury,1
shining,1
quicksilver,1
arrangement,1
rarely,1
cumbersome,1
lump,1
pair,1
scales,1
thousandth,1
ellipsis,1
demonstratively,1
nominal,1
echthypa,1
ectypes,1
inasmuch,1
metaphysical,2
centaur,3
pronounced,1
affirms,1
denies,1
temperance,1
dwell,1
conference,1
bind,1
bundles,1
elsewhere,2
genera,1
customary,2
rightness,1
intelligibleness,1
unintelligibly,1
unborrowed,1
cruelty,1
prodigality,1
marigold,2
undiscernibly,1
conveniency,1
forbears,1
clothing,1
station,1
frugality,2
barking,1
copper,1
tin,1
mostly,1
enumerated,1
flowing,1
tartar,3
virtually,1
flaw,2
espy,1
unreasonableness,2
overweening,1
flattery,1
amazement,1
astonished,1
obstinacy,1
yields,1
root,2
fitter,1
unruly,1
calm,1
apologize,1
ungrateful,1
inquiring,1
bye,1
taint,1
infects,1
prevention,1
associate,1
gang,1
allied,1
interests,1
trains,1
treading,1
path,1
track,1
keys,1
unattentive,1
tying,1
antipathies,4
associations,1
sympathies,1
indulgence,1
unheeded,1
wanton,1
surfeiting,1
honey,2
qualms,1
vomiting,1
indisposition,1
dose,1
antipathy,1
watched,1
educating,1
diligently,1
undue,1
discreet,1
minded,1
fenced,1
awry,1
goblins,1
sprites,1
foolish,1
maid,1
inculcate,1
frightful,1
ruminating,1
cements,1
suffered,3
hatreds,1
propagated,1
confounds,1
cures,2
hearken,1
rends,1
comfort,1
consolations,1
preach,1
allay,1
joints,1
tearing,1
disuse,1
mourning,1
operator,1
image,1
agony,1
imputing,1
endured,1
school,1
rooms,1
vessels,1
commodious,1
flag,1
ascendant,1
plentiful,1
oddness,1
trunk,3
household,1
stuff,1
excellently,1
comical,1
unexamined,1
swallowed,1
unnatural,1
irreconcilable,1
wilfully,1
perverseness,1
blinds,1
captivates,1
alliance,1
din,1
coupled,1
nonsense,1
dangerous,1
riveted,1
substitute,1
deceit,1
applaud,1
champions,1
file,2
0,3
txt,1
10616,1
zip,1
associated,8
files,2
formats,2
http,1
org,10
replace,1
renamed,1
creating,4
protected,5
u,7
s,14
copyright,20
permission,7
paying,2
royalties,2
special,1
copying,4
distributing,7
tm,57
electronic,27
concept,2
trademark,12
ebooks,7
complying,3
derivative,3
reports,1
performances,1
research,2
practically,1
redistribution,2
commercial,1
mission,4
promoting,2
distribution,6
comply,6
available,2
redistributing,2
indicate,1
accept,1
abide,1
fee,8
obtaining,2
access,10
refund,10
entity,3
paragraph,11
lot,1
literary,13
archive,13
pglaf,2
compilation,1
domain,2
unprotected,1
located,5
claim,1
performing,3
displaying,4
references,2
sharing,1
format,4
attached,1
downloading,1
status,4
links,3
prominently,2
accessed,1
displayed,1
copied,2
distributed,4
ll,1
texts,1
indicating,1
posted,4
holder,4
fees,4
charges,1
providing,4
requirements,4
paragraphs,3
imposed,1
unlink,1
detach,1
display,1
redistribute,1
convert,1
binary,1
compressed,1
nonproprietary,1
proprietary,1
processing,1
hypertext,1
vanilla,2
ascii,2
official,3
version,1
web,5
site,4
expense,1
user,3
exporting,1
request,1
alternate,1
specified,2
royalty,3
profits,1
calculated,1
calculate,1
taxes,1
owed,1
donate,5
payments,3
legally,1
periodic,1
tax,6
donations,15
notifies,1
mail,1
discontinue,1
accordance,2
f,11
replacement,5
group,1
llc,1
volunteers,6
employees,2
expend,1
identify,1
proofread,1
despite,1
inaccurate,1
corrupt,1
data,1
transcription,1
infringement,1
damaged,1
disk,1
computer,2
virus,1
codes,1
damage,2
equipment,3
warranty,2
disclaimer,3
damages,4
liability,3
costs,2
expenses,2
legal,2
remedies,1
distributor,1
indirect,1
consequential,1
punitive,1
incidental,1
sending,1
explanation,2
elect,1
lieu,2
electronically,2
opportunities,1
warranties,3
implied,2
merchantability,1
disclaimers,1
limitation,3
types,1
violates,1
interpreted,1
maximum,1
invalidity,1
unenforceability,1
provisions,1
indemnity,1
indemnify,1
employee,1
promotion,1
harmless,1
indirectly,1
deletions,1
synonymous,1
readable,2
widest,2
computers,2
obsolete,1
aged,1
financial,1
goals,1
ensuring,1
2001,1
sections,1
page,2
profit,1
501,1
educational,1
corporation,1
mississippi,1
revenue,1
ein,1
federal,2
identification,1
6221541,1
contributions,2
deductible,1
fairbanks,2
alaska,1
mailing,1
po,1
box,1
750175,1
ak,1
99775,1
locations,2
809,1
1500,1
west,1
lake,1
84116,1
801,1
596,1
1887,1
email,2
dr,1
gregory,1
newby,1
executive,1
director,1
gbnewby,1
survive,1
licensed,1
accessible,1
array,1
outdated,1
maintaining,1
irs,1
charities,1
charitable,1
paperwork,1
visit,2
prohibition,1
accepting,1
unsolicited,1
donors,1
international,1
accepted,2
statements,1
treatment,1
swamp,1
staff,1
pages,1
donation,1
addresses,1
checks,1
card,1
michael,1
hart,1
originator,1
shared,1
network,1
volunteer,1
pg,1
subscribe,1
newsletter,1